<options>
	<profile n="colorcoding_profiles.Idris" version="2">
		<p n="idchars" v="a-zA-Z_$ 0-9"/>
		<p n="case_sensitive" v="1"/>
		<p n="mn_flags" v="digit_float digit_int dot_float"/>
		<p n="k,data">
			<attrs case_sensitive="1"/>
		</p>
		<p n="k,import"/>
		<p n="k,module"/>
		<p n="lib,Vect"/>
		<p n="lib,List"/>
		<p n="lib,String"/>
		<p n="lib,Prelude"/>
		<p n="lib,Z"/>
		<p n="lib,S"/>
		<p n="lib,Nat"/>
		<p n="lib,Data"/>
		<p n="inherit" v="(None)"/>
		<p n="comment,--">
			<attrs color_to_eol="comment"/>
		</p>
		<p n="comment,{-">
			<attrs end="-}" flags="multiline"/>
		</p>
		<p n="k,Type"/>
		<p n="k,Int"/>
		<p n="k,Integer"/>
		<p n="op,+"/>
		<p n="op,-"/>
		<p n="op,*"/>
		<p n="op,/"/>
		<p n="op,=="/>
		<p n="op,&gt;&gt;="/>
		<p n="op,&gt;="/>
		<p n="op,&lt;="/>
		<p n="op,&gt;"/>
		<p n="op,&lt;"/>
		<p n="op,&lt;-"/>
		<p n="op,-&gt;"/>
		<p n="pu,:"/>
		<p n="pu,|"/>
		<p n="pu,="/>
		<p n="pu,,"/>
		<p n='string,"'>
			<attrs end='"' flags="multiline"/>
		</p>
		<p n="string,'">
			<attrs end="'" flags="terminate"/>
		</p>
		<p n="k,case"/>
		<p n="k,if"/>
		<p n="k,then"/>
		<p n="k,else"/>
		<p n="k,do"/>
		<p n="k,of"/>
		<p n="lib,Maybe"/>
		<p n="lib,Nothing"/>
		<p n="lib,Just"/>
		<p n="lib,unpack"/>
		<p n="lib,Ord"/>
		<p n="lib,Eq"/>
		<p n="lib,EqNat"/>
		<p n="lib,Monad"/>
		<p n="lib,Fin"/>
		<p n="op,::"/>
		<p n="pu,["/>
		<p n="pu,]"/>
		<p n="pu,{"/>
		<p n="pu,}"/>
		<p n="pu,("/>
		<p n="pu,)"/>
		<p n="lib,repl"/>
		<p n="lib,replWith"/>
		<p n="pu,\"/>
		<p n="pu,?"/>
		<p n="k,let"/>
		<p n="k,with"/>
		<p n="pp,%name"/>
		<p n="lib,IO"/>
		<p n="lib,getLine"/>
		<p n="lib,all"/>
		<p n="lib,isDigit"/>
		<p n="lib,pure"/>
		<p n="lib,Cast"/>
		<p n="k,where"/>
		<p n="k,in"/>
		<p n="lib,Nil"/>
		<p n="lib,Bool"/>
		<p n="lib,True"/>
		<p n="lib,False"/>
		<p n="lib,not"/>
		<p n="lib,putStr"/>
		<p n="lib,printLn"/>
		<p n="lib,putStrLn"/>
		<p n="lib,exactLength"/>
		<p n="lib,FileError"/>
		<p n="lib,Either"/>
		<p n="lib,Left"/>
		<p n="lib,Right"/>
		<p n="lib,Mode"/>
		<p n="lib,WriteTruncate"/>
		<p n="lib,Read"/>
		<p n="lib,ReadWrite"/>
		<p n="lib,ReadAppend"/>
		<p n="lib,ReadWriteTruncate"/>
		<p n="lib,openFile"/>
		<p n="lib,closeFile"/>
		<p n="lib,fEOF"/>
		<p n="lib,fGetLine"/>
		<p n="lib,writeFile"/>
		<p n="lib,Append"/>
		<p n="lib,GenericFileError"/>
		<p n="lib,FileNotFound"/>
		<p n="lib,PermissionDenied"/>
		<p n="lib,FileReadError"/>
		<p n="lib,FileWriteError"/>
		<p n="lib,File"/>
		<p n="lib,trim"/>
		<p n="function,^:v">
			<attrs start_col="1" flags="regex"/>
		</p>
	</profile>
</options>
